NAME,ADDRESS,MAKE
Brown's Arlington Honda,"3920 Lee Highway, Arlington, VA 22207",Honda
Landmark Honda,"5125 Duke Street, Alexandria, VA 22304",Honda
Bill Page Honda,"6715 Arlington Blvd, Falls Church, VA 22043",Honda
Ourisman Honda of Tysons Corner,"1580 Spring Hill Road, Vienna, VA 22182",Honda
Koons Falls Church Ford,"1051 E Broad St, Falls Church, VA 22044",Ford
Priority Nissan Tysons,"8525 Leesburg Pike, Vienna, VA 22182",Nissan
Brown's Dulles Nissan,"45155 Towlern Pl, Sterling, VA 20166",Nissan
Brown's Fairfax Mazda,"10570 Fairfax Blvd, Fairfax, VA 22030",Mazda
Ourisman Mazda of Rockville,"801 Suite A, Rockville Pike, Rockville, MD 20852",Mazda
Brown's Alexandria Mazda,"7400 Richmond Hwy, Alexandria, VA 22306",Mazda